Stop_Order,Base,Map_Name,Location,Priority,Recommended_Time,Best_Time,How_To_Experience_CN,What_To_Look_For_CN,Story_Theme_CN,Autumn_Focus_CN,Practical_Tip_CN,Source_URL,Google_Maps_Search_URL
1,Amsterdam,Dam Square,"Dam Square, Amsterdam, Netherlands",Must,30–45分钟,清晨,先把它当作城市坐标原点，再步行进入运河带，不要只站广场拍照。,Royal Palace、Nieuwe Kerk、通往运河区的街轴。,Amsterdam 的名字和城市成长都与 Amstel 河上的堤坝有关；这里是从水利节点变成商业城市中心的起点。,秋色不是主角，低角度晨光更重要。,市中心不建议开车进去。,https://www.iamsterdam.com/,https://www.google.com/maps/search/?api=1&query=Dam%20Square%2C%20Amsterdam%2C%20Netherlands
1,Amsterdam,Van Gogh Museum,"Van Gogh Museum, Amsterdam, Netherlands",Must,2–3小时,第一时段,按时间线看：荷兰暗色期→巴黎→Arles→Saint-Rémy→Auvers。,重点看颜色和笔触怎么变化，而不是只找名画。,这是一个人如何一步步学会用颜色表达情绪的故事。,下雨天的最佳室内项目。,提前订时段。,https://www.vangoghmuseum.nl/en,https://www.google.com/maps/search/?api=1&query=Van%20Gogh%20Museum%2C%20Amsterdam%2C%20Netherlands
1,Amsterdam,Canal Cruise,"Prinsengracht, Amsterdam, Netherlands",Must,1–1.5小时,黄昏/夜间,刚到 Amsterdam 就坐一次完整运河环线，后面步行时会立刻理解城市结构。,窄商人屋、桥洞对景、houseboat、运河环带。,运河不是装饰，是17世纪城市扩张、排水、运输和财富系统。,秋天低太阳和水面反光很漂亮。,小船通常比大巴式游船更有感觉。,https://www.iamsterdam.com/,https://www.google.com/maps/search/?api=1&query=Prinsengracht%2C%20Amsterdam%2C%20Netherlands
1,Amsterdam,Zaanse Schans,"Zaanse Schans, Zaandam, Netherlands",Optional+,2–3小时,清晨,至少进一座真正工作的风车，看机械，而不是只拍外观。,风车内部传动、木屋、Zaan 河两岸工业景观。,这里代表的是早期风力工业：锯木、榨油、加工，不只是“荷兰风车村”。,雾气+黄叶会加分。,尽量避开旅游巴士高峰。,https://www.dezaanseschans.nl/en/,https://www.google.com/maps/search/?api=1&query=Zaanse%20Schans%2C%20Zaandam%2C%20Netherlands
2,Giethoorn,Giethoorn Canal Village,"Giethoorn, Netherlands",Must,半天,上午,坐电动小船/游船后再走木桥和茅草屋小径。,水道、桥、湿地村落空间。,这里过去水路比道路重要，村落形态是由泥炭湿地塑造出来的。,芦苇与柔和秋光比“打卡桥”更值得看。,不要只停45分钟。,https://giethoorn.com/en/,https://www.google.com/maps/search/?api=1&query=Giethoorn%2C%20Netherlands
3,Hamburg,Miniatur Wunderland,"Miniatur Wunderland, Hamburg, Germany",Must,3–4小时,上午,看完整昼夜循环和机场/铁路系统，别一路走马看花。,铁路调度、机场运动、微缩人物小故事。,最好把它理解成“基础设施+机械+叙事”的工程剧场。,坏天气首选。,预约入场。,https://www.miniatur-wunderland.com/,https://www.google.com/maps/search/?api=1&query=Miniatur%20Wunderland%2C%20Hamburg%2C%20Germany
3,Hamburg,Speicherstadt,"Speicherstadt, Hamburg, Germany",Must,1.5–2小时,傍晚,沿仓库水道和桥走，再接 HafenCity。,红砖仓库、窄水道、装卸尺度。,这是咖啡、茶、香料、地毯等全球贸易如何进入欧洲港口城市的实体痕迹。,红砖+低秋光非常好看。,步行为主。,https://www.hamburg.com/,https://www.google.com/maps/search/?api=1&query=Speicherstadt%2C%20Hamburg%2C%20Germany
3,Hamburg,Elbphilharmonie Plaza,"Elbphilharmonie Plaza, Hamburg, Germany",Optional+,45–75分钟,日落,坐长扶梯上 Plaza，绕建筑一圈看港口。,旧仓库底座与玻璃音乐厅的反差。,它把旧港口经济遗产直接叠成现代文化地标。,看日落，不必追秋叶。,确认当天 Plaza 开放。,https://www.elbphilharmonie.de/en/,https://www.google.com/maps/search/?api=1&query=Elbphilharmonie%20Plaza%2C%20Hamburg%2C%20Germany
4,Lübeck,Holstentor & Old Town,"Holstentor, Lübeck, Germany",Must,2–3小时,上午,从 Holstentor 进岛状老城，沿红砖教堂天际线走。,双塔、Brick Gothic、商人街区。,Lübeck 是 Hanseatic League 的核心之一，建筑本身就是中世纪波罗的海贸易地图。,水边树木有秋色。,住古城附近，步行。,https://www.luebeck-tourismus.de/en,https://www.google.com/maps/search/?api=1&query=Holstentor%2C%20L%C3%BCbeck%2C%20Germany
5,Copenhagen,Nyhavn,"Nyhavn, Copenhagen, Denmark",Must,1小时,清晨/蓝调时刻,两岸都走，再顺路去 Amalienborg。,彩色立面、历史船只、港口透视。,今天很欢乐，但它原本是17世纪商业港，曾经是真正的水手世界。,阴天也很出片。,清晨明显舒服。,https://www.visitcopenhagen.com/,https://www.google.com/maps/search/?api=1&query=Nyhavn%2C%20Copenhagen%2C%20Denmark
5,Copenhagen,The Little Mermaid,"The Little Mermaid, Copenhagen, Denmark",Optional,20–30分钟,清晨,把它当文学符号，不当大型景点。,雕像与港口背景、尺寸感。,价值来自 H.C. Andersen 的《海的女儿》和城市身份，而不是雕像本身多宏伟。,安静水面比秋叶重要。,顺带 Kastellet。,https://www.visitcopenhagen.com/,https://www.google.com/maps/search/?api=1&query=The%20Little%20Mermaid%2C%20Copenhagen%2C%20Denmark
5,Copenhagen,Amalienborg Palace,"Amalienborg, Copenhagen, Denmark",Must,1–1.5小时,上午,站广场中央看四座宫殿形成完整构图，再看通向 Frederik's Church 的轴线。,对称广场、骑马像、王室城市尺度。,不是“一个巨大皇宫”，而是用城市规划表达丹麦王室。,淡色建筑在秋光下很漂亮。,和 Nyhavn 步行连起来。,https://www.kongernessamling.dk/en/amalienborg/,https://www.google.com/maps/search/?api=1&query=Amalienborg%2C%20Copenhagen%2C%20Denmark
5,Copenhagen,Tivoli Gardens,"Tivoli Gardens, Copenhagen, Denmark",Optional+,2–4小时,晚上,重点看夜景、园林与娱乐如何混合，不一定要疯狂玩 rides。,老式灯光、花园、历史游乐设施。,1843年开园，是现代城市娱乐花园的重要祖先。,如遇秋季/Halloween 季更有气氛。,先查季节开放日。,https://www.tivoli.dk/en/,https://www.google.com/maps/search/?api=1&query=Tivoli%20Gardens%2C%20Copenhagen%2C%20Denmark
6,Gothenburg,Haga,"Haga, Gothenburg, Sweden",Must,1–1.5小时,上午,慢走 Haga Nygata，安排 fika；天气好再上 Skansen Kronan。,木屋街区、咖啡馆、人行尺度。,从工人区变成城市最有人情尺度的历史街区之一。,街树秋色加分。,步行为主。,https://www.goteborg.com/en,https://www.google.com/maps/search/?api=1&query=Haga%2C%20Gothenburg%2C%20Sweden
6,Gothenburg,World of Volvo,"World of Volvo, Gothenburg, Sweden",Must,2–3小时,下午,不要只看老车，重点看安全、工程、北欧设计和未来出行。,历史车辆、互动展、木结构建筑。,旧 Volvo Museum 2023 年关闭；现在应看 World of Volvo，它把品牌历史扩展成设计与技术故事。,雨天很好。,不要去旧馆地址。,https://www.worldofvolvo.com/en/,https://www.google.com/maps/search/?api=1&query=World%20of%20Volvo%2C%20Gothenburg%2C%20Sweden
6,Gothenburg,Gothenburg Botanical Garden,"Gothenburg Botanical Garden, Sweden",Optional+,1.5–2小时,下午,以林区和岩石园为主，不必追温室每个角落。,成熟树林、山坡步道、植物层次。,这个点的价值不是“花园名气”，而是给北欧城市行程一个真正的季节自然段落。,秋色非常合适。,下雨后路滑。,https://www.botaniska.se/en/,https://www.google.com/maps/search/?api=1&query=Gothenburg%20Botanical%20Garden%2C%20Sweden
7,Oslo,Vigeland Sculpture Park,"Vigeland Sculpture Park, Oslo, Norway",Must,1.5–2小时,上午,按桥→喷泉→Monolith 顺序走，把它当一整套人生叙事。,人物关系、Monolith、轴线。,核心不是裸体雕像本身，而是出生、亲情、冲突、衰老、死亡的循环。,黄色树木会明显增强作品氛围。,免费户外。,https://www.visitoslo.com/en/,https://www.google.com/maps/search/?api=1&query=Vigeland%20Sculpture%20Park%2C%20Oslo%2C%20Norway
7,Oslo,MUNCH Museum,"MUNCH, Oslo, Norway",Must,2–3小时,下午,把《呐喊》放回 Munch 的疾病、爱情、焦虑和现代生活里看。,不同版本、肖像、自我表达、海边建筑。,理解他“为什么这样画”比只找到《呐喊》更有价值。,室内坏天气备用。,展品会轮换。,https://www.munch.no/en/,https://www.google.com/maps/search/?api=1&query=MUNCH%2C%20Oslo%2C%20Norway
7,Oslo,Royal Palace,"The Royal Palace, Oslo, Norway",Optional,1–1.5小时,下午,沿 Karl Johans gate 走到王宫，再进 Palace Park。,城市中轴和宫园。,这段路能看出19世纪 Oslo 如何建立“国家首都”的形象。,宫园秋色不错。,顺路即可。,https://www.visitoslo.com/en/,https://www.google.com/maps/search/?api=1&query=The%20Royal%20Palace%2C%20Oslo%2C%20Norway
7,Oslo,Aker Brygge,"Aker Brygge, Oslo, Norway",Optional,1小时,傍晚,沿水边慢走，看旧码头如何变成现代城市滨水区。,Oslofjord、码头、现代建筑。,它是典型的“工业港口重新变成生活城市”的城市更新故事。,秋天夕阳和水面更重要。,适合晚饭前。,https://www.visitoslo.com/en/,https://www.google.com/maps/search/?api=1&query=Aker%20Brygge%2C%20Oslo%2C%20Norway
8,Flåm,Flåmsbana Railway,"Flåm Railway, Flåm, Norway",Must,2–3小时,上午,看坡度变化、隧道、瀑布和山腰农场，不要只盯终点。,Kjosfossen、陡峭谷地铁路工程。,这是一条把海平面峡湾快速抬升到高原的工程故事。,山谷白桦秋色很强。,别把铁路和巡航塞得太紧。,https://www.norwaysbest.com/,https://www.google.com/maps/search/?api=1&query=Fl%C3%A5m%20Railway%2C%20Fl%C3%A5m%2C%20Norway
8,Flåm,Stegastein Viewpoint,"Stegastein Viewpoint, Aurland, Norway",Must,45–75分钟,傍晚,走到悬挑平台尽头，同时看 fjord 上下游。,平台悬空感、峡湾深度、山路。,Norwegian Scenic Routes 的理念就是用建筑重新组织你看自然的方式。,傍晚侧光最好。,山路天气差不要硬赶。,https://www.nasjonaleturistveger.no/en/routes/aurlandsfjellet/,https://www.google.com/maps/search/?api=1&query=Stegastein%20Viewpoint%2C%20Aurland%2C%20Norway
8,Flåm,Nærøyfjord Cruise,"Nærøyfjord, Norway",Must,2–3小时,白天,在最狭窄水域重点看悬崖与微小农场的尺度反差。,瀑布、垂直岩壁、小农场。,巨大的冰川地貌和几乎不可能生存的人类聚落同时出现，才是它的震撼。,侧谷秋色很美。,低云太重就用机动天。,https://whc.unesco.org/en/list/1195/,https://www.google.com/maps/search/?api=1&query=N%C3%A6r%C3%B8yfjord%2C%20Norway
8,Flåm,Borgund Stave Church,"Borgund Stave Church, Norway",Optional+,1–1.5小时,转场日,看层层屋顶、龙头细节、木榫结构。,深色木材、门廊、屋顶几何。,它把北欧传统木建筑语言与中世纪基督教教堂结合在一起。,森林秋色非常合适。,别临关门才赶到。,https://www.stavechurch.com/,https://www.google.com/maps/search/?api=1&query=Borgund%20Stave%20Church%2C%20Norway
9,Geiranger,Geirangerfjord,"Geirangerfjord, Norway",Must,半天,上午,一定既从水面看又从高处看，同一峡湾会变成完全不同的尺度。,Seven Sisters、陡壁、废弃农场。,冰川雕刻了地形，但更动人的人文故事是过去人们竟在悬崖高处耕作生活。,全程最重要秋色点之一。,为能见度留1-2天。,https://www.fjords.com/en/western-norwegian-fjords/geirangerfjord/,https://www.google.com/maps/search/?api=1&query=Geirangerfjord%2C%20Norway
9,Geiranger,Trollstigen Pass,"Trollstigen, Norway",Must if open,2–4小时,白天,慢开，官方观景台必须停；公路本身就是景点。,发卡弯、瀑布、高架观景台。,它把古老山路、现代公路工程和当代景观设计叠在一起。,白桦林秋色很强。,开放/封路风险高，出发当天查。,https://www.nasjonaleturistveger.no/en/routes/geiranger--trollstigen/,https://www.google.com/maps/search/?api=1&query=Trollstigen%2C%20Norway
9,Geiranger,Atlantic Ocean Road,"Atlantic Ocean Road, Norway",Optional,半天以上,白天,只有时间足够才去；把它当独立海岸驾驶主题，不要当 Geiranger 顺手小景点。,低海岛、桥梁、北大西洋风浪。,这里讲的是道路如何跨过暴露海岸，把散落岛屿串成连续交通线。,秋季风浪可能很有戏剧性。,与 Geiranger/Trollstigen 同天容易过量。,https://www.nasjonaleturistveger.no/en/routes/atlanterhavsvegen/,https://www.google.com/maps/search/?api=1&query=Atlantic%20Ocean%20Road%2C%20Norway
9,Geiranger,Dalsnibba Viewpoint,"Dalsnibba, Geiranger, Norway",Optional+,1.5–2小时,晴天中午,只有能见度好才上去；重点是一眼同时看到高原、雪线、峡湾和村庄。,高山全景、海拔差。,它让你真正理解 Geiranger 的垂直尺度。,下层彩林+上层初雪可能同时出现。,季节道路与天气依赖。,https://www.dalsnibba.no/en/,https://www.google.com/maps/search/?api=1&query=Dalsnibba%2C%20Geiranger%2C%20Norway
12,Stockholm,Gamla Stan,"Gamla Stan, Stockholm, Sweden",Must,2–3小时,清晨/晚上,在人潮前走 Stortorget 和小巷，再看水边。,窄巷、暖色立面、王宫边缘。,老城坐在控制波罗的海航路的战略岛屿核心。,暖色建筑和秋光很协调。,步行。,https://www.visitstockholm.com/,https://www.google.com/maps/search/?api=1&query=Gamla%20Stan%2C%20Stockholm%2C%20Sweden
12,Stockholm,Vasa Museum,"Vasa Museum, Stockholm, Sweden",Must,2–3小时,上午,先从多个楼层看整艘船，再看雕刻和“为什么会沉”。,保存极好的17世纪战舰、木雕。,Vasa 1628首航即沉，是王室野心、工程失误和现代保护科学的完整故事。,室内；馆外 Djurgården 有秋色。,至少留2小时。,https://www.vasamuseet.se/en,https://www.google.com/maps/search/?api=1&query=Vasa%20Museum%2C%20Stockholm%2C%20Sweden
12,Stockholm,Stockholm City Hall,"Stockholm City Hall, Sweden",Optional+,1–1.5小时,下午,有导览就看内部，再到水边花园。,红砖体量、Blue Hall、Golden Hall。,它用现代方式重新引用北欧和意大利建筑传统，是 Stockholm 的公民象征。,水边秋色不错。,内部常需导览。,https://stadshuset.stockholm/en/,https://www.google.com/maps/search/?api=1&query=Stockholm%20City%20Hall%2C%20Sweden
12,Stockholm,Drottningholm Palace,"Drottningholm Palace, Sweden",Optional,半天,白天,宫殿、园林、剧院区域一起看，不要只看房间。,长轴花园、湖边王宫。,展示欧洲宫廷文化如何被瑞典吸收、改造。,园林秋色比夏季更有层次。,半日游。,https://www.kungligaslotten.se/english/royal-palaces-and-sites/drottningholm-palace.html,https://www.google.com/maps/search/?api=1&query=Drottningholm%20Palace%2C%20Sweden
15,Odense,H.C. Andersen's House,"H.C. Andersen's House, Odense, Denmark",Must,2–3小时,上午,把沉浸式展览当“进入安徒生世界”，之后再走出生地/童年街区。,声音、建筑、花园、手稿和个人物件。,他的童话反复讲贫困、排斥、野心和转变；了解本人后故事会完全不同。,花园有轻度秋色。,去新馆，不是只看旧小屋。,https://hcandersenshus.dk/en/,https://www.google.com/maps/search/?api=1&query=H.C.%20Andersen%27s%20House%2C%20Odense%2C%20Denmark
15,Odense,H.C. Andersen Historic Old Town Walk,"H.C. Andersen Quarter, Odense, Denmark",Must,1–1.5小时,下午,从博物馆步行串出生地、童年街道和旧城小巷。,低矮老屋、鹅卵石街。,这能把“童话作家”重新放回他真实成长的城市环境里。,秋天慢走很舒服。,不用开车。,https://www.visitodense.com/,https://www.google.com/maps/search/?api=1&query=H.C.%20Andersen%20Quarter%2C%20Odense%2C%20Denmark
15,Odense,The Funen Village,"The Funen Village, Odense, Denmark",Optional,2–3小时,下午,如果开放，重点看传统农舍、田园和生活方式演示。,乡村建筑、农田。,安徒生时代丹麦的大多数人生活在这种农业社会，而不是宫殿里。,秋季农田氛围很合适。,先查季节开放。,https://denfynskelandsby.dk/en/,https://www.google.com/maps/search/?api=1&query=The%20Funen%20Village%2C%20Odense%2C%20Denmark
16,Schwerin,Schwerin Castle,"Schwerin Castle, Germany",Must,2–3小时,傍晚,先在湖边和花园绕一圈，再选内部。,岛上宫殿、倒影、圆顶。,看起来像童话，其实是19世纪王权用 historicism 制造的政治形象。,湖面+秋叶很强。,议会使用区可能影响参观。,https://www.schwerin.de/en/,https://www.google.com/maps/search/?api=1&query=Schwerin%20Castle%2C%20Germany
17,Berlin,Brandenburg Gate,"Brandenburg Gate, Berlin, Germany",Must,30–45分钟,清晨/晚上,从 Pariser Platz 走穿门，再接 Reichstag 和旧墙线。,门的比例、城市轴线。,同一座门经历普鲁士、纳粹、冷战分裂、德国统一，意义不断改变。,秋色次要。,和 Reichstag 同一条步行线。,https://www.visitberlin.de/en,https://www.google.com/maps/search/?api=1&query=Brandenburg%20Gate%2C%20Berlin%2C%20Germany
17,Berlin,Reichstag Building,"Reichstag Building, Berlin, Germany",Must,1.5–2小时,傍晚,能进玻璃穹顶就沿螺旋坡走上去，一边看议会一边看城市。,玻璃穹顶、城市全景。,统一后的德国刻意用“透明”作为民主政治的建筑语言。,日落更值得。,通常需提前登记。,https://www.bundestag.de/en/visittheBundestag,https://www.google.com/maps/search/?api=1&query=Reichstag%20Building%2C%20Berlin%2C%20Germany
17,Berlin,East Side Gallery,"East Side Gallery, Berlin, Germany",Must,1–1.5小时,上午,沿残存 Berlin Wall 线性走完一段，不要只找最有名壁画。,墙体、壁画、Spree 河。,墙倒后，压迫性的边界被变成公共政治表达表面。,河边树色可加分。,户外。,https://www.eastsidegalleryexhibition.com/,https://www.google.com/maps/search/?api=1&query=East%20Side%20Gallery%2C%20Berlin%2C%20Germany
17,Berlin,Checkpoint Charlie,"Checkpoint Charlie, Berlin, Germany",Optional,30–45分钟,白天,把路口当历史定位点，重点理解过去如何控制跨境。,街道边界和资料展。,价值不是现在的复制岗亭，而是冷战时城市移动如何被制度切断。,无秋色重点。,别花太多时间。,https://www.visitberlin.de/en/checkpoint-charlie,https://www.google.com/maps/search/?api=1&query=Checkpoint%20Charlie%2C%20Berlin%2C%20Germany
19,Warsaw,Old Town Market Square,"Warsaw Old Town Market Square, Poland",Must,1.5–2小时,上午,知道这里战后几乎重建后，再仔细看立面。,广场、城墙、屋顶。,Warsaw 的特殊性不是“古城幸存”，而是社会选择把被毁灭的古城重新建回来。,城墙树木有秋色。,接 Royal Castle。,https://warsawtour.pl/en/,https://www.google.com/maps/search/?api=1&query=Warsaw%20Old%20Town%20Market%20Square%2C%20Poland
19,Warsaw,Royal Castle,"Royal Castle, Warsaw, Poland",Must,2小时,上午,重点看重建国事厅和 Canaletto 城市画。,宫廷室内、Castle Square。,建筑本身就是战后文化重建证据。,雨天适合。,不用把每个房间都看完。,https://www.zamek-krolewski.pl/en,https://www.google.com/maps/search/?api=1&query=Royal%20Castle%2C%20Warsaw%2C%20Poland
19,Warsaw,Łazienki Park,"Łazienki Park, Warsaw, Poland",Must,1.5–2小时,傍晚,沿湖、树道和 Palace on the Isle 慢走。,倒影、古典小宫、Chopin 像。,它把王室景观转化成现代市民公园。,Warsaw 最值得追秋色的地方之一。,干燥天气更舒服。,https://www.lazienki-krolewskie.pl/en,https://www.google.com/maps/search/?api=1&query=%C5%81azienki%20Park%2C%20Warsaw%2C%20Poland
19,Warsaw,Palace of Culture and Science,"Palace of Culture and Science, Warsaw, Poland",Optional,45–90分钟,傍晚,先在街面看比例，再决定是否上观景层。,苏联式高层轮廓、城市天际线。,它是斯大林时代赠予/支配关系的复杂象征，Warsaw 人对它的态度也一直矛盾。,无秋色重点。,看历史意义比“高楼”本身更重要。,https://warsawtour.pl/en/,https://www.google.com/maps/search/?api=1&query=Palace%20of%20Culture%20and%20Science%2C%20Warsaw%2C%20Poland
20,Kraków,Main Market Square,"Rynek Główny, Kraków, Poland",Must,1–2小时,清晨/晚上,绕 Cloth Hall，听 St. Mary's 的 trumpet call，再钻入小巷。,广场尺度、塔楼、商贸空间。,它曾是中世纪王国商业中心，今天城市结构仍然清楚。,夕阳比树叶更重要。,住中心步行。,https://krakow.travel/en,https://www.google.com/maps/search/?api=1&query=Rynek%20G%C5%82%C3%B3wny%2C%20Krak%C3%B3w%2C%20Poland
20,Kraków,Wawel Royal Castle,"Wawel Royal Castle, Kraków, Poland",Must,2–3小时,上午,把 Cathedral、courtyard、河景当一个 hill complex 看。,Renaissance 庭院、教堂、Vistula。,Wawel 把波兰王权、宗教和国家记忆压缩在一座山上。,河边树色好。,挑重点票区。,https://wawel.krakow.pl/en,https://www.google.com/maps/search/?api=1&query=Wawel%20Royal%20Castle%2C%20Krak%C3%B3w%2C%20Poland
20,Kraków,Wieliczka Salt Mine,"Wieliczka Salt Mine, Poland",Must,3–4小时,半天,跟官方路线走，重点看矿工如何把生产空间变成 chapel 和艺术。,St. Kinga's Chapel、盐雕、地下大厅。,盐曾经是国家财富；矿工又在地下创造出自己的宗教与文化世界。,雨天最佳。,楼梯较多。,https://www.wieliczka-saltmine.com/,https://www.google.com/maps/search/?api=1&query=Wieliczka%20Salt%20Mine%2C%20Poland
20,Kraków,Auschwitz-Birkenau Memorial,"Auschwitz-Birkenau Memorial and Museum, Oświęcim, Poland",Optional but significant,半天,白天,如果去，就当纪念与证据现场，不安排“快速打卡”。,原营地、Birkenau 的巨大尺度。,这是大屠杀现场，不是普通景点；重点是理解工业化杀戮与个人生命证据。,季节不重要。,最好官方导览；当天后续安排保持安静。,https://www.auschwitz.org/en/,https://www.google.com/maps/search/?api=1&query=Auschwitz-Birkenau%20Memorial%20and%20Museum%2C%20O%C5%9Bwi%C4%99cim%2C%20Poland
22,Prague,Charles Bridge,"Charles Bridge, Prague, Czechia",Must,45–75分钟,日出,在人潮前过桥，来回看 Castle 和 Old Town 两个方向。,雕像剪影、Vltava、城堡天际线。,它不是孤立的桥，而是王城与商业老城的舞台连接。,晨雾和河岸黄叶很漂亮。,值得早起。,https://www.prague.eu/en/,https://www.google.com/maps/search/?api=1&query=Charles%20Bridge%2C%20Prague%2C%20Czechia
22,Prague,Prague Castle,"Prague Castle, Czechia",Must,3–4小时,上午,把它当城区：St. Vitus、庭院、旧宫、观景一起看。,Cathedral、庭院、城市俯瞰。,从波希米亚王权到现代捷克国家，建筑层次对应政治层次。,城堡花园/坡道秋色好。,半天。,https://www.hrad.cz/en,https://www.google.com/maps/search/?api=1&query=Prague%20Castle%2C%20Czechia
22,Prague,Astronomical Clock,"Prague Astronomical Clock, Czechia",Must,45–60分钟,清晨,先看钟面逻辑，再上塔看城市几何；不要只等整点小人。,天文盘、日历盘、Old Town 屋顶。,中世纪城市把天文学、时间和宗教象征做成公共机器。,屋顶颜色胜过树色。,上塔比排队等整点更值。,https://www.prague.eu/en/,https://www.google.com/maps/search/?api=1&query=Prague%20Astronomical%20Clock%2C%20Czechia
22,Prague,Vyšehrad,"Vyšehrad, Prague, Czechia",Optional+,1.5–2小时,傍晚,走城墙、公墓和河景。,堡垒、教堂、Vltava 河湾。,这里混合传说、国家记忆和真正的防御地理。,公园秋色很好。,比老城安静。,https://www.prague.eu/en/,https://www.google.com/maps/search/?api=1&query=Vy%C5%A1ehrad%2C%20Prague%2C%20Czechia
23,Český Krumlov,Castle Tower,"Český Krumlov Castle, Czechia",Must,2–3小时,上午,从城堡高处看完整河湾，再下城反复过桥。,彩绘塔、红屋顶、城堡桥。,贵族城堡高踞河湾，决定了整个小城的戏剧性空间。,红屋顶+黄叶是重点。,住一晚避开日游客。,https://www.ckrumlov.info/en/,https://www.google.com/maps/search/?api=1&query=%C4%8Cesk%C3%BD%20Krumlov%20Castle%2C%20Czechia
23,Český Krumlov,Vltava Horseshoe Bend,"Český Krumlov Old Town, Czechia",Must,1–2小时,黄昏,找能看到河流包住古城的高点，再走河边。,河湾、红屋顶、城堡。,水和地形把中世纪城市压成非常紧凑的舞台。,全程顶级秋景构图之一。,别只做 day trip。,https://www.ckrumlov.info/en/,https://www.google.com/maps/search/?api=1&query=%C4%8Cesk%C3%BD%20Krumlov%20Old%20Town%2C%20Czechia
23,Český Krumlov,Medieval Tavern Dining,"Český Krumlov, Czechia",Optional,1.5小时,晚上,把它当氛围晚餐，不当历史“复原真相”。,石墙、木梁、传统菜。,适合作为古城故事的夜间延续，但要区分旅游演绎和真实中世纪生活。,冷天更有感觉。,选评价稳定的小店。,https://www.ckrumlov.info/en/,https://www.google.com/maps/search/?api=1&query=%C4%8Cesk%C3%BD%20Krumlov%2C%20Czechia
24,Hallstatt,Hallstatt Postcard View,"Hallstatt, Austria",Must,1.5–2小时,日出,住一晚就是为了清晨从北侧看教堂、湖和山。,教堂尖塔、湖面倒影、Dachstein。,Hallstatt 真正的历史核心是盐，不只是“网红湖村”。,湖面倒影+秋山是核心。,中午人最多。,https://www.hallstatt.net/,https://www.google.com/maps/search/?api=1&query=Hallstatt%2C%20Austria
25,Salzburg,Hohensalzburg Fortress,"Hohensalzburg Fortress, Salzburg, Austria",Must,2–3小时,上午,内部只挑重点，把更多时间留给城景和山景。,老城、Salzach、Alps。,Salzburg 长期由 prince-archbishops 统治，这种“宗教领主国家”从 fortress 最容易看懂。,山坡秋色好。,坐 funicular 节省体力。,https://www.salzburg-burgen.at/en/hohensalzburg-castle/,https://www.google.com/maps/search/?api=1&query=Hohensalzburg%20Fortress%2C%20Salzburg%2C%20Austria
25,Salzburg,Mirabell Gardens,"Mirabell Gardens, Salzburg, Austria",Optional+,45–75分钟,上午,沿中轴看 fortress 对景，再走树道。,Baroque 对称、Pegasus Fountain。,这是典型 Baroque：花园不是自然，而是被设计来控制视线。,成熟树木可有秋色。,顺路即可。,https://www.salzburg.info/en/,https://www.google.com/maps/search/?api=1&query=Mirabell%20Gardens%2C%20Salzburg%2C%20Austria
26,Val Gardena,Tre Cime di Lavaredo,"Tre Cime di Lavaredo, Italy",Must if access/weather works,4–6小时,上午,走经典环线的一部分也行，重点是北壁视角和 WWI 遗迹。,三座岩塔、战壕痕迹、rifugi。,既是地质图标，也是一战高山边境历史现场。,初雪会强化效果。,高海拔道路可能因雪关闭。,https://www.drei-zinnen.info/en,https://www.google.com/maps/search/?api=1&query=Tre%20Cime%20di%20Lavaredo%2C%20Italy
26,Val Gardena,Seceda,"Seceda, South Tyrol, Italy",Must,3–5小时,晴天上午-下午,缆车上去后沿 ridge 轻走，不必做高强度徒步。,Odle 锯齿峰、草坡、悬崖线。,Dolomites 的古海洋沉积岩被抬升侵蚀成现在的塔状石峰；Seceda 最直观。,低坡金色落叶松+长阴影。,缆车季节极关键。,https://www.valgardena.it/en/,https://www.google.com/maps/search/?api=1&query=Seceda%2C%20South%20Tyrol%2C%20Italy
26,Val Gardena,Lago di Braies,"Lago di Braies, South Tyrol, Italy",Must,2–3小时,清晨,至少绕湖一大段，不要只在木船码头拍一张。,湖水、Croda del Becco、落叶松倒影。,真正精彩的是不同角度让湖盆和岩壁不断重组。,金色落叶松倒影是重点。,早到；注意季节停车规则。,https://www.prags.bz/en,https://www.google.com/maps/search/?api=1&query=Lago%20di%20Braies%2C%20South%20Tyrol%2C%20Italy
26,Val Gardena,Passo Gardena Drive,"Gardena Pass, South Tyrol, Italy",Must,2–3小时含停车,傍晚,慢开，看到落叶松林打开露出 Sella/Cir 就停。,发卡弯、Sella massif、金松。,Ladin 山谷之间如何靠山口道路连接，在这里一眼就懂。,全程 signature 秋景驾驶段。,留意初雪/结冰。,https://www.valgardena.it/en/,https://www.google.com/maps/search/?api=1&query=Gardena%20Pass%2C%20South%20Tyrol%2C%20Italy
27,Engadin,Engadin Golden Larch Lakes,"Lake St. Moritz, Switzerland",Must,2–3小时,清晨/傍晚,沿湖链开/走，找金松贴着蓝水的角度。,金松倒影、高原大谷、雪山。,Engadin 的开阔高原和特殊清光长期吸引艺术家与早期 alpine tourism。,欧洲最经典金松区之一。,临近出发看瑞士 foliage map。,https://www.engadin.ch/en/,https://www.google.com/maps/search/?api=1&query=Lake%20St.%20Moritz%2C%20Switzerland
28,Grindelwald,Jungfraujoch Railway,"Jungfraujoch, Switzerland",Must if clear,5–7小时,最晴的一天早上,只有能见度高才上；重点看 Aletsch Glacier 和铁路工程。,冰川、Sphinx、高山雪世界。,20世纪初把铁路打进 Eiger/Mönch 山体，是 alpine tourism 的工程野心。,秋色在下方山谷，高处是雪冰对比。,贵且极吃天气。,https://www.jungfrau.ch/en-gb/,https://www.google.com/maps/search/?api=1&query=Jungfraujoch%2C%20Switzerland
28,Grindelwald,Matterhorn Views in Zermatt,"Zermatt, Switzerland",Optional,全天或住1晚,晴天,车停 Täsch，坐 shuttle 进无车 Zermatt，再选一个主要观景系统。,Matterhorn 锥形山体、无车村、冰川。,Matterhorn 因1865年首次登顶及下撤悲剧成为现代登山文化象征。,Valais 金松可非常漂亮。,它不在 Grindelwald，必须独立安排。,https://zermatt.swiss/en,https://www.google.com/maps/search/?api=1&query=Zermatt%2C%20Switzerland
28,Grindelwald,Grindelwald First Cliff Walk,"Grindelwald-First, Switzerland",Optional+,3–5小时,晴天下午,坐缆车上 First，走 Cliff Walk，再选轻量景观步道。,Eiger 正面、悬崖步道、草坡。,这里是“近距离看 Bernese Alps”的舞台，不是历史景点。,低海拔坡地可能仍有强秋色。,缆车运营受季节影响。,https://www.jungfrau.ch/en-gb/grindelwaldfirst/,https://www.google.com/maps/search/?api=1&query=Grindelwald-First%2C%20Switzerland
29,Chamonix,Aiguille du Midi,"Aiguille du Midi, Chamonix, France",Must if clear,3–4小时,第一个晴天早上,不同露台都走一遍，真正理解 Mont Blanc massif 的360度尺度。,Mont Blanc、冰川、巨大垂直落差。,缆车把过去需要 serious mountaineering 才能抵达的高度变成普通旅行者可体验的空间。,山下秋色与山上雪线同框。,注意高海拔反应和停运。,https://www.montblancnaturalresort.com/en/aiguille-du-midi,https://www.google.com/maps/search/?api=1&query=Aiguille%20du%20Midi%2C%20Chamonix%2C%20France
29,Chamonix,Mer de Glace,"Mer de Glace, Chamonix, France",Must,3–4小时,中午,坐 Montenvers 齿轨火车，特别看历史冰川高度标记和今天冰面的位置。,冰川退缩、山谷、老铁路。,这是最直观的气候变化现场之一：你用肉眼就能看到冰川从过去观景高度退到远下方。,低坡秋林与冰川形成强烈对比。,楼梯/垂直移动多。,https://www.montenvers.com/,https://www.google.com/maps/search/?api=1&query=Mer%20de%20Glace%2C%20Chamonix%2C%20France
29,Chamonix,Mont Blanc Panoramic Cable Car,"Panoramic Mont-Blanc, Chamonix, France",Optional,2–3小时,绝佳晴天,如果跨冰川缆车运营且天气稳定，才做；把它当“空中穿过高山地形”。,冰裂缝、雪峰、意法边境高山。,它把高山探索的空间感变成一种极端观景交通体验。,季节主要看雪冰，不看秋叶。,运营高度依赖季节与天气。,https://www.montblancnaturalresort.com/,https://www.google.com/maps/search/?api=1&query=Panoramic%20Mont-Blanc%2C%20Chamonix%2C%20France
31,Avignon,Palais des Papes,"Palais des Papes, Avignon, France",Must,2–3小时,上午,带着14世纪教廷迁到 Avignon 的背景看，不然巨大空房会显得单调。,厚墙、礼仪厅、城市全景。,这里曾经是整个西方教会政治中心。,室内主导。,用 audio guide。,https://avignon-tourisme.com/en/,https://www.google.com/maps/search/?api=1&query=Palais%20des%20Papes%2C%20Avignon%2C%20France
31,Avignon,Pont d'Avignon,"Pont Saint-Bénézet, Avignon, France",Must,45–60分钟,傍晚,既走桥，也从河岸看残桥。,断桥、Rhône、城墙。,桥为什么只剩一段，本身就说明 Rhône 河有多难控制。,河岸树色可加分。,与 Palais 同日。,https://avignon-tourisme.com/en/,https://www.google.com/maps/search/?api=1&query=Pont%20Saint-B%C3%A9n%C3%A9zet%2C%20Avignon%2C%20France
31,Avignon,Pont du Gard,"Pont du Gard, France",Optional+,2–3小时,下午,走到足够远的位置看完整三层拱，不要只站桥脚。,拱券比例、河谷、石砌精度。,它是 Roman aqueduct 系统的一段，真正的奇迹是长距离全靠重力送水。,河谷植被有秋色。,很适合自驾 detour。,https://pontdugard.fr/en,https://www.google.com/maps/search/?api=1&query=Pont%20du%20Gard%2C%20France
32,Collioure,Collioure Waterfront,"Collioure, France",Must,2–3小时,傍晚,沿 harbor、教堂、Château Royal 走，刻意看颜色关系。,赭色墙、蓝海、Pyrenees 山脚。,Matisse 和 Derain 在这里把现实色彩推到更大胆，帮助催生 Fauvism。,秋日太阳更柔和、人少。,留到 golden hour。,https://www.collioure.com/en/,https://www.google.com/maps/search/?api=1&query=Collioure%2C%20France
33,Barcelona,Sagrada Família,"Sagrada Família, Barcelona, Spain",Must,2–3小时,上午,Nativity 和 Passion 两个 façade 分开看，再进内部看柱子如何变成“石头森林”。,彩窗光、分叉柱、立面叙事。,Gaudí 想把结构、自然和宗教符号变成同一个系统，不只是奇怪装饰。,室内光线最重要。,必须 timed ticket。,https://sagradafamilia.org/en/,https://www.google.com/maps/search/?api=1&query=Sagrada%20Fam%C3%ADlia%2C%20Barcelona%2C%20Spain
33,Barcelona,Park Güell,"Park Güell, Barcelona, Spain",Must,1.5–2小时,上午/傍晚,除了 mosaic，还要看排水、桥廊、山坡如何处理。,蛇形长椅、viaduct、城市俯瞰。,它原本是 garden-city 开发项目，能看出 Gaudí 解决基础设施和地形的能力。,植物不是主角。,monumental zone 需时段。,https://parkguell.barcelona/en,https://www.google.com/maps/search/?api=1&query=Park%20G%C3%BCell%2C%20Barcelona%2C%20Spain
33,Barcelona,Casa Batlló,"Casa Batlló, Barcelona, Spain",Must,1.5–2小时,下午,从 façade→楼梯→light well→roof 连起来看。,蓝色采光井、骨骼形态、屋顶。,一栋普通城市住宅翻修改造，被 Gaudí 做成建筑、工艺和环境控制的 total work。,室内雨天佳。,时间不够可只选一栋 Gaudí house。,https://www.casabatllo.es/en/,https://www.google.com/maps/search/?api=1&query=Casa%20Batll%C3%B3%2C%20Barcelona%2C%20Spain
33,Barcelona,La Rambla,"La Rambla, Barcelona, Spain",Optional,45–60分钟,上午,当城市连接轴走，不要在那里耗半天。,街头生活、两侧不同街区入口。,历史上是 Barcelona 的社会公共轴线。,无秋色重点。,注意财物。,https://www.barcelonaturisme.com/,https://www.google.com/maps/search/?api=1&query=La%20Rambla%2C%20Barcelona%2C%20Spain
33,Barcelona,La Boqueria Market,"Mercat de la Boqueria, Barcelona, Spain",Optional,45–60分钟,上午,看食材、摊位与日常市场文化，不必专门排长队吃网红东西。,海鲜、火腿、水果、市场顶棚。,市场让 Gothic/Raval 一带的生活性重新出现，不只是旅游商品。,室内。,早一点。,https://www.boqueria.barcelona/,https://www.google.com/maps/search/?api=1&query=Mercat%20de%20la%20Boqueria%2C%20Barcelona%2C%20Spain
35,Madrid,Prado Museum,"Museo Nacional del Prado, Madrid, Spain",Must,3小时,上午,围绕 Velázquez、Goya、Bosch 建故事，不要试图把全馆刷完。,Las Meninas、Goya 前后期反差。,Prado 是西班牙王权、帝国、宫廷审美和后来失望情绪的视觉史。,坏天气最佳。,挑15-20件认真看。,https://www.museodelprado.es/en,https://www.google.com/maps/search/?api=1&query=Museo%20Nacional%20del%20Prado%2C%20Madrid%2C%20Spain
35,Madrid,Royal Palace of Madrid,"Royal Palace of Madrid, Spain",Must,1.5–2小时,上午,挑 state rooms 看 Bourbon 王室如何表达权力。,大楼梯、王座厅、宴会厅。,旧 Alcázar 火灾后，新王宫代表 Bourbon 王朝重新塑造 Madrid。,花园或有秋色。,timed entry。,https://www.patrimonionacional.es/en/visita/royal-palace-madrid,https://www.google.com/maps/search/?api=1&query=Royal%20Palace%20of%20Madrid%2C%20Spain
35,Madrid,Plaza Mayor,"Plaza Mayor, Madrid, Spain",Must,45–60分钟,晚上,从拱门进入，完整绕一圈再走旧城小巷。,封闭式广场、连续立面。,这里曾经是市场、庆典、国家仪式甚至惩罚的公共舞台。,夜景胜秋色。,和 old Madrid 连走。,https://www.esmadrid.com/en,https://www.google.com/maps/search/?api=1&query=Plaza%20Mayor%2C%20Madrid%2C%20Spain
35,Madrid,Retiro Park,"El Retiro Park, Madrid, Spain",Optional+,1.5–2小时,傍晚,从湖走到 Crystal Palace 和大道。,湖面、玻璃宫、树阵。,从王室园林转成 Madrid 的公共“呼吸空间”。,Madrid 追秋色最值得的点之一。,博物馆后恢复体力。,https://www.esmadrid.com/en,https://www.google.com/maps/search/?api=1&query=El%20Retiro%20Park%2C%20Madrid%2C%20Spain
35,Madrid,Santiago Bernabéu Stadium,"Santiago Bernabéu Stadium, Madrid, Spain",Optional,1.5–2小时,非比赛时段,如果喜欢足球就看 stadium tour；不喜欢就完全可跳。,球场规模、俱乐部历史陈列。,Real Madrid 的意义在于20世纪城市身份、国家与全球体育商业的叠加。,无秋色重点。,比赛日交通完全不同。,https://www.realmadrid.com/en-US/santiago-bernabeu-stadium,https://www.google.com/maps/search/?api=1&query=Santiago%20Bernab%C3%A9u%20Stadium%2C%20Madrid%2C%20Spain
37,Porto,Dom Luís I Bridge,"Dom Luís I Bridge, Porto, Portugal",Must,1小时,日落,走上层桥面，看 Ribeira 和 Gaia 两岸后再下去。,Douro 河谷、层叠城市、铁拱。,这座桥是工业时代如何解决陡峭河谷两岸连接的象征。,葡萄园山坡若未落尽会有晚秋色。,桥上风大。,https://visitporto.travel/en-GB,https://www.google.com/maps/search/?api=1&query=Dom%20Lu%C3%ADs%20I%20Bridge%2C%20Porto%2C%20Portugal
37,Porto,Livraria Lello,"Livraria Lello, Porto, Portugal",Optional,45–60分钟,预约时段,看木作、楼梯、stained glass；不要只沉迷 Harry Potter 传闻。,中庭楼梯和工艺。,它代表 Porto 近代城市的文学与商业文化。,室内。,太挤就跳过。,https://www.livrarialello.pt/en,https://www.google.com/maps/search/?api=1&query=Livraria%20Lello%2C%20Porto%2C%20Portugal
37,Porto,São Bento Station,"São Bento Station, Porto, Portugal",Must,30–45分钟,白天,站在主厅读蓝白 azulejo 画面。,瓷砖历史画、车站空间。,一个交通建筑被做成葡萄牙历史和乡村生活的视觉叙事。,室内短停。,顺路。,https://visitporto.travel/en-GB,https://www.google.com/maps/search/?api=1&query=S%C3%A3o%20Bento%20Station%2C%20Porto%2C%20Portugal
37,Porto,Douro Valley Wine Tasting,"Douro Valley, Portugal",Optional+,半天/全天,白天,只选一个 quinta 和几个景观点，不要一路喝。,梯田葡萄园、河弯、庄园。,这是人类几百年改造山坡、服务 port wine 生产形成的文化景观。,晚秋葡萄藤可能铜红/金黄。,自驾日不要大量品酒。,https://www.visitportugal.com/en/content/douro-valley,https://www.google.com/maps/search/?api=1&query=Douro%20Valley%2C%20Portugal
38,Sintra,Pena Palace,"Pena Palace, Sintra, Portugal",Must,2–3小时,第一时段,看 terraces 和山林位置，再挑重点室内。,彩色塔楼、雾林、山脊。,19世纪 Romanticism 故意把不同历史风格混成梦境。,雾、湿林、秋叶会增强气氛。,timed entry 和交通要先安排。,https://www.parquesdesintra.pt/en/,https://www.google.com/maps/search/?api=1&query=Pena%20Palace%2C%20Sintra%2C%20Portugal
38,Sintra,Cabo da Roca,"Cabo da Roca, Portugal",Optional+,45–60分钟,傍晚,离悬崖边保持安全距离，沿海岸线看，而不是只拍石碑。,Atlantic horizon、海崖。,对大航海时代的人来说，这类大陆边缘象征未知世界。,天气戏剧性胜秋叶。,风可能非常大。,https://www.visitcascais.com/en/poi/cabo-da-roca,https://www.google.com/maps/search/?api=1&query=Cabo%20da%20Roca%2C%20Portugal
38,Lisbon,Belém Tower,"Belém Tower, Lisbon, Portugal",Must,45–75分钟,上午,主要看外观与 Tagus 河环境；排长队时内部可不进。,Manueline 细节、河岸位置。,Belém 与葡萄牙海上扩张紧密相连，塔更像象征性门户。,河光更重要。,和 Jerónimos/蛋挞区一起走。,https://www.visitlisboa.com/en,https://www.google.com/maps/search/?api=1&query=Bel%C3%A9m%20Tower%2C%20Lisbon%2C%20Portugal
38,Lisbon,Tram 28,"Tram 28, Lisbon, Portugal",Optional,1–2小时,清晨,排队合理就坐；太挤则走它经过的坡城街区反而更好。,陡坡、窄弯、瓷砖房。,Tram 28 最有价值的是把 Lisbon 的陡峭地形和老街尺度显出来。,无秋色重点。,注意拥挤和财物。,https://www.visitlisboa.com/en,https://www.google.com/maps/search/?api=1&query=Tram%2028%2C%20Lisbon%2C%20Portugal
38,Sintra,Quinta da Regaleira,"Quinta da Regaleira, Sintra, Portugal",Must,2–3小时,上午/下午,把井、隧道、花园当一条“象征性探险路线”。,Initiation Well、洞穴、塔楼。,Romanticism、神秘主义符号和园林设计混成一场人为制造的神秘体验。,湿苔、落叶很加分。,雨天鞋要防滑。,https://www.regaleira.pt/en/,https://www.google.com/maps/search/?api=1&query=Quinta%20da%20Regaleira%2C%20Sintra%2C%20Portugal
40,Seville,Plaza de España,"Plaza de España, Seville, Spain",Must,1–1.5小时,傍晚,走完整半圆、桥和省份瓷砖，再上 gallery 看整体。,弧形立面、运河、瓷砖。,1929 Ibero-American Exposition 的国家形象工程。,暖夕阳非常好看。,免费户外。,https://visitasevilla.es/en/,https://www.google.com/maps/search/?api=1&query=Plaza%20de%20Espa%C3%B1a%2C%20Seville%2C%20Spain
40,Seville,Royal Alcázar of Seville,"Royal Alcázar of Seville, Spain",Must,2.5–3.5小时,上午,宫殿和花园连起来看，重点看水、阴影、瓷砖、几何。,Patio de las Doncellas、Mudéjar 细节。,最精彩的是 Islamic 形式如何在 Christian 王权下继续被使用和再解释。,花园深秋仍可能很绿。,强烈建议预约。,https://www.alcazarsevilla.org/en/,https://www.google.com/maps/search/?api=1&query=Royal%20Alc%C3%A1zar%20of%20Seville%2C%20Spain
40,Seville,Setas de Sevilla,"Setas de Sevilla, Seville, Spain",Optional+,45–75分钟,日落,上平台走一圈，用现代木结构俯瞰老城。,巨大木结构、城市屋顶。,它是新建筑如何插入历史城市中心的一次大胆实验。,日落比秋色重要。,夜间也不错。,https://visitasevilla.es/en/,https://www.google.com/maps/search/?api=1&query=Setas%20de%20Sevilla%2C%20Seville%2C%20Spain
40,Seville,Flamenco Show,"Triana, Seville, Spain",Optional+,1.5小时,晚上,选小型认真演出，注意 cante、baile、guitar 三者互动。,节奏、脚步、歌声张力。,Flamenco 是 Andalusia 多族群社会历史中形成的表达，不是“红裙舞表演”。,季节无关。,优先纯演出而非 dinner spectacle。,https://visitasevilla.es/en/,https://www.google.com/maps/search/?api=1&query=Triana%2C%20Seville%2C%20Spain
41,Granada,Alhambra,"Alhambra, Granada, Spain",Must,4–5小时,上午,Nasrid Palaces、Generalife 和 hilltop 位置一起看；重点是水、文字、几何和框景。,muqarnas、庭院、水渠、Sierra Nevada。,这是 Nasrid Granada 的权力顶峰，也带着即将终结的脆弱感。,Generalife 植被和冷空气很舒服。,Nasrid Palace timed entry 是核心。,https://www.alhambra-patronato.es/en,https://www.google.com/maps/search/?api=1&query=Alhambra%2C%20Granada%2C%20Spain
43,Valencia,City of Arts and Sciences,"City of Arts and Sciences, Valencia, Spain",Optional+,1.5–3小时,傍晚,即使不进馆，也完整走外部水池和长轴。,Calatrava 白色结构、倒影。,代表 Valencia 通过 spectacle architecture 重塑现代城市形象。,光线/倒影胜秋色。,和 Turia Gardens 串起来。,https://www.visitvalencia.com/en,https://www.google.com/maps/search/?api=1&query=City%20of%20Arts%20and%20Sciences%2C%20Valencia%2C%20Spain
44,Barcelona Ferry Port,Grimaldi Lines Overnight Car Ferry,"Port of Barcelona, Spain",Must if using ferry,过夜,傍晚登船,把它当“移动酒店”：提早到港、车内只留不需要的物品，上船带一晚包。,车辆登船流程、地中海日落、夜航。,渡轮把 Iberia 和 Italy 连接起来，同时避免一大段重复陆路驾驶。,秋景无关。,班期/港口/车辆规则出发前再次核对。,https://www.grimaldi-lines.com/,https://www.google.com/maps/search/?api=1&query=Port%20of%20Barcelona%2C%20Spain
44,Barcelona Ferry Port,Sea-view Private Cabin,"Port of Barcelona, Spain",Optional+,过夜,夜间,如果预算允许，订 private cabin；你第二天到 Italy 的精神状态会差很多。,海景、私人休息空间。,这不是奢侈打卡，而是把20小时海上转场变成真正恢复日。,季节无关。,确认 cabin 是否含窗/sea view。,https://www.grimaldi-lines.com/,https://www.google.com/maps/search/?api=1&query=Port%20of%20Barcelona%2C%20Spain
45,Rome,Colosseum,"Colosseum, Rome, Italy",Must,2小时,第一时段,重点理解 seating、circulation、spectacle logistics，不只看残墙。,arena、看台、地下结构。,它是一台组织数万观众与帝国娱乐的社会机器。,柔和晚秋光不错。,和 Forum 作为同一故事。,https://www.turismoroma.it/en/,https://www.google.com/maps/search/?api=1&query=Colosseum%2C%20Rome%2C%20Italy
45,Rome,Roman Forum,"Roman Forum, Rome, Italy",Must,2–3小时,白天,边走边想象这里同时存在法律、宗教、贸易和政治。,temples、basilicas、Palatine 视角。,这里是 Roman Republic/Empire 日常权力运行的中心。,石头和晚秋草木很有质感。,一定用讲解。,https://www.turismoroma.it/en/,https://www.google.com/maps/search/?api=1&query=Roman%20Forum%2C%20Rome%2C%20Italy
45,Vatican City,Vatican Museums,"Vatican Museums, Vatican City",Must,4小时,第一时段,古典雕塑→Raphael→Sistine Chapel，路线要克制。,Sistine、Laocoön、papal collections。,这是教皇如何收藏古代世界并用 Renaissance 艺术表达神学与权力。,室内。,不要同天塞太多。,https://www.museivaticani.va/,https://www.google.com/maps/search/?api=1&query=Vatican%20Museums%2C%20Vatican%20City
45,Rome,Trevi Fountain,"Trevi Fountain, Rome, Italy",Must,20–40分钟,清晨/深夜,人少时看，注意建筑 façade 如何直接变成水景舞台。,水、雕塑、狭窄广场。,Roman aqueduct 传统被 Baroque 戏剧化。,无秋色重点。,白天极挤。,https://www.turismoroma.it/en/,https://www.google.com/maps/search/?api=1&query=Trevi%20Fountain%2C%20Rome%2C%20Italy
45,Rome,Pantheon,"Pantheon, Rome, Italy",Optional+,1小时,中午,站在圆顶下多看几分钟，理解圆形空间和 oculus 光线。,混凝土圆顶、oculus。,古罗马建筑被改成教堂，因此保存异常完整。,雨从 oculus 进来也很有意思。,查看当前票务。,https://www.pantheonroma.com/,https://www.google.com/maps/search/?api=1&query=Pantheon%2C%20Rome%2C%20Italy
45,Rome,Spanish Steps,"Spanish Steps, Rome, Italy",Optional,30–45分钟,清晨/晚上,走完整段阶梯，连 Piazza di Spagna 和 Trinità dei Monti 一起看。,城市坡度、Baroque 视线。,它把高低两层城市空间变成一个公共剧场。,盆栽/树色不是主角。,顺路即可。,https://www.turismoroma.it/en/,https://www.google.com/maps/search/?api=1&query=Spanish%20Steps%2C%20Rome%2C%20Italy
46,Florence,Florence Duomo,"Florence Cathedral, Italy",Must,2–3小时,上午,外墙、Baptistery、Brunelleschi dome 连成一个工程故事；有体力再爬。,巨大穹顶、marble façade、城市天际线。,这个穹顶解决了当时没人知道怎么盖的大跨度问题，是 Renaissance 工程自信的象征。,Tuscany hills 可能还有晚秋色。,爬楼预订且楼梯多。,https://www.feelflorence.it/en,https://www.google.com/maps/search/?api=1&query=Florence%20Cathedral%2C%20Italy
46,Florence,Uffizi Gallery,"Uffizi Gallery, Florence, Italy",Must,3小时,上午,按“中世纪平面圣像→Renaissance 空间、人、身体”看演变。,Botticelli、Leonardo、Michelangelo。,不是名画清单，而是一条 Renaissance 视觉革命时间线。,室内。,预约。,https://www.uffizi.it/en,https://www.google.com/maps/search/?api=1&query=Uffizi%20Gallery%2C%20Florence%2C%20Italy
46,Tuscany,Chianti Cypress Road Driving,"Chianti, Tuscany, Italy",Must,半天,傍晚,只做一条短 loop：一个 hill town + 一个 vineyard viewpoint，停下来比多开里程重要。,cypress、葡萄园、石屋。,“Tuscany 风景”其实是几百年农业和庄园经营塑造的人文景观。,葡萄藤晚秋可能红金色。,品酒与驾驶分开。,https://www.visittuscany.com/en/,https://www.google.com/maps/search/?api=1&query=Chianti%2C%20Tuscany%2C%20Italy
46,Tuscany,Leaning Tower of Pisa,"Leaning Tower of Pisa, Italy",Optional,2–3小时含绕路,上午,看整个 Piazza dei Miracoli，不要只抱着斜塔拍。,塔、cathedral、baptistery。,地基问题造成倾斜，工程缺陷反而变成世界图标。,季节次要。,时间紧就让位给 Tuscany 慢游。,https://www.opapisa.it/en/,https://www.google.com/maps/search/?api=1&query=Leaning%20Tower%20of%20Pisa%2C%20Italy
47,Venice,St. Mark's Square,"St. Mark's Square, Venice, Italy",Must,2–3小时,清晨,在游客到达前看 Basilica、Campanile、Doge's Palace 一起构图。,Byzantine mosaics、piazza、lagoon light。,Venice 不是普通意大利城市，而是与东地中海贸易深度相连的海上共和国。,雾和低秋光很有气氛。,注意 acqua alta。,https://www.veneziaunica.it/en,https://www.google.com/maps/search/?api=1&query=St.%20Mark%27s%20Square%2C%20Venice%2C%20Italy
47,Venice,Grand Canal Gondola,"Grand Canal, Venice, Italy",Optional,30分钟,傍晚,若坐 gondola，尽量选安静支运河，用低视角看水门和桥。,小运河、水上入口、低角度城市。,真正价值是体验“水就是街道”的城市尺度。,阴冷秋夜反而有味道。,上船前确认路线和价格。,https://www.veneziaunica.it/en,https://www.google.com/maps/search/?api=1&query=Grand%20Canal%2C%20Venice%2C%20Italy
47,Venice,Bridge of Sighs,"Bridge of Sighs, Venice, Italy",Optional,20–30分钟,清晨,从 Ponte della Paglia 看外观；若参观 Doge's Palace，再从内部走过。,封闭白石桥、宫殿与监狱连接。,浪漫名字背后其实是司法与监禁体系的一部分。,无秋色重点。,顺路，不需要单独跑。,https://palazzoducale.visitmuve.it/en/,https://www.google.com/maps/search/?api=1&query=Bridge%20of%20Sighs%2C%20Venice%2C%20Italy
47,Venice,Burano Island,"Burano, Venice, Italy",Optional,半天,上午,离开码头前几条最拥挤的彩色街，走更深一点。,彩房、运河、渔村尺度。,颜色背后是 lagoon fishing community，不只是“彩色网红岛”。,全年有色。,天气差可跳过。,https://www.veneziaunica.it/en,https://www.google.com/maps/search/?api=1&query=Burano%2C%20Venice%2C%20Italy
48,Ljubljana,Ljubljana Old Town & Castle,"Ljubljana Castle, Slovenia",Must,2–3小时,下午,先走河岸与 Plečnik 城市空间，再上 castle 看盆地。,Triple Bridge、河、城堡。,城市最有趣的是 Habsburg 基底如何被 Plečnik 用20世纪设计重新组织。,河岸树可能仍有颜色。,恢复日。,https://www.visitljubljana.com/en/,https://www.google.com/maps/search/?api=1&query=Ljubljana%20Castle%2C%20Slovenia
49,Plitvice Lakes,Plitvice Boardwalks,"Plitvice Lakes National Park, Croatia",Must,4–6小时,上午,按官方季节开放路线选择，不要为了“全走完”赶路。,梯级湖、钙华坝、栈道。,水中矿物不断沉积，地形仍在形成，是“活着的地质景观”。,森林有机会很美，但到晚11月可能已过峰。,查船/接驳/冰雪状态。,https://np-plitvicka-jezera.hr/en/,https://www.google.com/maps/search/?api=1&query=Plitvice%20Lakes%20National%20Park%2C%20Croatia
50,Split,Diocletian's Palace,"Diocletian's Palace, Split, Croatia",Must,2–3小时,傍晚,看 cellars、Peristyle，再注意居民、咖啡馆如何直接住进 Roman palace 里。,Roman masonry、Peristyle、生活街巷。,它不是遗址公园，而是晚罗马帝国宫殿逐渐长成现代城市。,石墙夕阳好看。,用好讲解。,https://visitsplit.com/en/,https://www.google.com/maps/search/?api=1&query=Diocletian%27s%20Palace%2C%20Split%2C%20Croatia
51,Dubrovnik,Old Town Walls Walk,"Dubrovnik City Walls, Croatia",Must,2–3小时,第一时段/傍晚,尽量走完整圈，分别看海侧和陆侧防御。,红屋顶、forts、Adriatic。,Ragusa 靠贸易、外交和坚固城防在大国夹缝中维持独立。,晚秋游客少。,台阶多、风雨影响大。,https://tzdubrovnik.hr/lang/en/,https://www.google.com/maps/search/?api=1&query=Dubrovnik%20City%20Walls%2C%20Croatia
51,Dubrovnik,Mt. Srđ Cable Car,"Mount Srđ Cable Car, Dubrovnik, Croatia",Must if clear,1.5–2小时,日落,上去后不要只拍 Old Town，连 Lokrum、港口、山地边界一起看。,完整城市平面和海岸。,从高处才能真正理解 Dubrovnik 为什么能防守、为什么必须面向海。,清冷空气能见度好。,缆车天气依赖。,https://www.dubrovnikcablecar.com/,https://www.google.com/maps/search/?api=1&query=Mount%20Sr%C4%91%20Cable%20Car%2C%20Dubrovnik%2C%20Croatia
51,Dubrovnik,Lokrum Island,"Lokrum, Croatia",Optional,3–4小时,白天,若晚季仍有船才去；以自然和 monastery ruins 为主。,松林、岩岸、修道院遗迹。,它是 Dubrovnik 城外的自然/宗教避世空间。,季节船班决定价值。,晚11月很可能不值得强求。,https://www.lokrum.hr/eng/,https://www.google.com/maps/search/?api=1&query=Lokrum%2C%20Croatia
51,Original Route Alternative,Ancona-Patras Superfast Ferry,"Port of Ancona, Italy",Alternative only,过夜,按船期,这是原路线方案，但秋景版不建议从 Dubrovnik 再倒回 Ancona。,车辆夜渡、Adriatic crossing。,海渡本身合理，问题是 Dubrovnik→Ancona 会制造巨大回头路。,季节无关。,保留为备用，不做主线。,https://www.superfast.com/,https://www.google.com/maps/search/?api=1&query=Port%20of%20Ancona%2C%20Italy
51,Original Route Alternative,Sea-view Private Cabin (Ancona-Patras),"Port of Ancona, Italy",Alternative only,过夜,夜间,如果未来改回此线，private cabin 仍值得。,睡眠质量。,长渡轮夜真正影响第二天驾驶安全和体验。,季节无关。,确认车辆和 cabin 条款。,https://www.superfast.com/,https://www.google.com/maps/search/?api=1&query=Port%20of%20Ancona%2C%20Italy
52,Kotor,Kotor Old Town,"Kotor, Montenegro",Must,2–4小时,上午,古城走完后，体力和天气允许再爬一段 fortress path。,海湾、城墙、黑山压迫感。,受保护海湾让 Kotor 成为重要 Adriatic trade node，并长期受 Venetian 影响。,晚季山色仍可能有层次。,湿石阶滑。,https://www.montenegro.travel/en,https://www.google.com/maps/search/?api=1&query=Kotor%2C%20Montenegro
53,Shkodër,Rozafa Castle,"Rozafa Castle, Shkodër, Albania",Must,1.5–2小时,傍晚,上城墙看河流/湖泊，再带着 Rozafa 建城牺牲传说走。,三河/湖区视野、残墙。,“把女子砌进城墙”传说让堡垒成为 Albanian 文化记忆的一部分。,晚秋雾气有戏剧性。,短而值。,https://albania.al/,https://www.google.com/maps/search/?api=1&query=Rozafa%20Castle%2C%20Shkod%C3%ABr%2C%20Albania
54,Gjirokastër,Gjirokastër Castle & Bazaar,"Gjirokastër, Albania",Must,3–4小时,上午,先 fortress，再下坡走石板街和传统大宅。,石屋屋顶、堡垒、山谷。,City of Stone 展示 Ottoman-era 城市如何适应陡坡和防御需求。,裸露石材与晚季山色很有质感。,坡陡。,https://albania.al/,https://www.google.com/maps/search/?api=1&query=Gjirokast%C3%ABr%2C%20Albania
55,Ioannina,Ioannina Castle & Lake Pamvotis,"Ioannina, Greece",Must,2–3小时,傍晚,城堡旧区+湖边连走。,湖、城墙、岛景。,Byzantine、Ottoman、Greek、Jewish 历史在这里层层叠加。,湖雾很有感觉。,恢复日。,https://www.visitgreece.gr/,https://www.google.com/maps/search/?api=1&query=Ioannina%2C%20Greece
57,Athens,Acropolis,"Acropolis of Athens, Greece",Must,2–3小时,第一时段,从 Propylaea 进入后，不要只盯 Parthenon；看整座 sacred hill 和 Athens。,Parthenon、Erechtheion、城市全景。,这里是宗教、国家和公民身份的高地表达。,冬前清晰空气很适合远望。,大理石雨后滑。,https://www.thisisathens.org/,https://www.google.com/maps/search/?api=1&query=Acropolis%20of%20Athens%2C%20Greece
57,Athens,Parthenon,"Parthenon, Athens, Greece",Must,包含在 Acropolis,上午,重点看比例、柱子细微修正和它在整座山上的位置。,Doric order、视觉修正。,它不是“完美直线”的建筑，反而用大量微小曲线修正人眼视觉。,季节不是主角。,不要和 Acropolis 重复买时间。,https://www.thisisathens.org/,https://www.google.com/maps/search/?api=1&query=Parthenon%2C%20Athens%2C%20Greece
57,Athens,Acropolis Museum,"Acropolis Museum, Athens, Greece",Must,2–3小时,Acropolis 之后,一定先上山再进馆，碎片才会有空间关系。,Parthenon Gallery、Caryatids。,博物馆把风化遗址重新拼回原建筑语境。,雨天也可。,顺序很重要。,https://www.theacropolismuseum.gr/en,https://www.google.com/maps/search/?api=1&query=Acropolis%20Museum%2C%20Athens%2C%20Greece
57,Athens,Corinth Canal,"Corinth Canal, Greece",Optional,30–60分钟,转场白天,若路线经过再停，不值得专门大绕路。,狭窄直切岩壁水道。,19世纪工程终于实现古代人长期想做的“切开 Corinth isthmus”设想。,无秋色重点。,观景点短停。,https://www.visitgreece.gr/,https://www.google.com/maps/search/?api=1&query=Corinth%20Canal%2C%20Greece
57,Athens,Temple of Poseidon,"Temple of Poseidon, Cape Sounion, Greece",Optional+,半天,日落,天气清楚才去；提前到 cliff headland 等太阳落海。,柱廊、Aegean horizon。,海神庙放在海上交通门户，位置本身就是信仰和航海安全的表达。,晚季少人、天空戏剧性强。,回程夜驾注意疲劳。,https://www.visitgreece.gr/,https://www.google.com/maps/search/?api=1&query=Temple%20of%20Poseidon%2C%20Cape%20Sounion%2C%20Greece
58,Delphi,Delphi Archaeological Site,"Delphi, Greece",Must,3小时,上午,一路上坡走 Sanctuary，反复回头看山谷。,Temple of Apollo、Treasury、山谷。,神谕的权威不仅来自仪式，也来自这个极其戏剧化的山地位置。,晚季山光很好。,比 Athens 冷，带层次衣物。,https://whc.unesco.org/en/list/393/,https://www.google.com/maps/search/?api=1&query=Delphi%2C%20Greece
59,Meteora,Great Meteoron Monastery,"Great Meteoron Monastery, Meteora, Greece",Must,1.5–2小时,上午,至少看一座修道院内部，理解真正的生活和宗教空间。,壁画、院落、岩顶建筑。,修士追求隔绝，把难以接近的岩柱变成宗教世界。,裸枝和雾反而更神秘。,开放日轮休。,https://www.visitmeteora.travel/,https://www.google.com/maps/search/?api=1&query=Great%20Meteoron%20Monastery%2C%20Meteora%2C%20Greece
59,Meteora,Cliffside Sunset Viewpoints,"Meteora, Greece",Must,1.5–2小时,日落,沿 ridge road 用安全 pull-off 停车，等岩柱变色和修道院剪影。,岩柱、平原、修道院轮廓。,地质侵蚀创造塔柱，人类再把它变成精神隔离空间。,雾和云可能比秋叶更有戏。,不要停在危险弯道。,https://www.visitmeteora.travel/,https://www.google.com/maps/search/?api=1&query=Meteora%2C%20Greece
59,Meteora,Varlaam Monastery,"Varlaam Monastery, Meteora, Greece",Optional+,1–1.5小时,上午/下午,如果已经看 Great Meteoron，再选 Varlaam 看另一种内部尺度。,壁画、吊运历史、山谷视角。,过去物资和人曾靠绳网/吊运上岩顶，更能理解这里曾有多隔绝。,晚季气氛强。,查当天开放。,https://www.visitmeteora.travel/,https://www.google.com/maps/search/?api=1&query=Varlaam%20Monastery%2C%20Meteora%2C%20Greece
62,Belgrade,Kalemegdan Fortress,"Belgrade Fortress, Serbia",Must,2–3小时,傍晚,一定走到 Sava 和 Danube 交汇点。,两河交汇、层层城墙。,谁控制这个河流十字路口，谁就控制重要 Balkan transport corridor，所以这里反复被争夺。,公园可能剩些晚叶。,免费。,https://www.tob.rs/en,https://www.google.com/maps/search/?api=1&query=Belgrade%20Fortress%2C%20Serbia
62,Belgrade,Church of Saint Sava,"Temple of Saint Sava, Belgrade, Serbia",Must,1–1.5小时,晚上,看大穹顶和 mosaics，再下 crypt。,巨大内部、现代 mosaics。,现代 Orthodox monumental church 与 Serbian national/religious identity 紧密相连。,室内。,夜间灯光很好。,https://www.tob.rs/en,https://www.google.com/maps/search/?api=1&query=Temple%20of%20Saint%20Sava%2C%20Belgrade%2C%20Serbia
62,Belgrade,Knez Mihailova Street,"Knez Mihailova Street, Belgrade, Serbia",Optional,1小时,晚上,从 Republic Square 慢走到 Kalemegdan。,19世纪立面、步行街生活。,这条街把现代 Belgrade 的市民城市和旧 fortress 连起来。,晚季城市夜景为主。,顺路。,https://www.tob.rs/en,https://www.google.com/maps/search/?api=1&query=Knez%20Mihailova%20Street%2C%20Belgrade%2C%20Serbia
63,Novi Sad,Petrovaradin Fortress,"Petrovaradin Fortress, Novi Sad, Serbia",Must,1.5–2小时,傍晚,从 fortress 看 Danube 和 Novi Sad。,clock tower、河弯、堡垒台地。,这里曾是 Habsburg-Ottoman frontier 的关键防御点。,河边或有晚叶。,一晚中转足够。,https://novisad.travel/en/,https://www.google.com/maps/search/?api=1&query=Petrovaradin%20Fortress%2C%20Novi%20Sad%2C%20Serbia
64,Budapest,Parliament Night Cruise,"Danube, Budapest, Hungary",Must,1小时,天黑后,坐简单 sightseeing cruise，不需要把 dinner 当重点。,Parliament、Chain Bridge、Buda Castle 灯光。,Budapest 必须从河上看，Buda 和 Pest 才会真正成为一个城市。,季节无关，夜景是重点。,甲板很冷。,https://www.budapestinfo.hu/,https://www.google.com/maps/search/?api=1&query=Danube%2C%20Budapest%2C%20Hungary
64,Budapest,Fisherman's Bastion,"Fisherman's Bastion, Budapest, Hungary",Must,1.5–2小时,清晨,在人少时走 terraces，再去 Matthias Church/城堡区。,Parliament 对景、Danube、尖塔。,它其实主要是19世纪浪漫化历史建筑，反映现代 Hungary 如何想象自己的过去。,冬前清晨空气清。,早去。,https://www.budapestinfo.hu/,https://www.google.com/maps/search/?api=1&query=Fisherman%27s%20Bastion%2C%20Budapest%2C%20Hungary
64,Budapest,Chain Bridge,"Széchenyi Chain Bridge, Budapest, Hungary",Must,30–45分钟,蓝调时刻,步行过桥一次，从河面高度看两岸。,Buda Castle、Parliament、桥链结构。,它是永久连接 Buda 和 Pest 的关键基础设施之一，也是统一城市的视觉象征。,夜灯比秋色重要。,与夜航不同角度。,https://www.budapestinfo.hu/,https://www.google.com/maps/search/?api=1&query=Sz%C3%A9chenyi%20Chain%20Bridge%2C%20Budapest%2C%20Hungary
64,Budapest,Széchenyi Thermal Bath,"Széchenyi Thermal Bath, Budapest, Hungary",Optional+,2–3小时,傍晚,把它当长途驾驶恢复项目；冬冷空气里泡户外热池最好。,蒸汽、Neo-Baroque 建筑。,Budapest 的温泉文化从 Roman/Ottoman 延续到现代 spa city。,冷空气+热蒸汽最有感觉。,带拖鞋。,https://www.szechenyibath.hu/,https://www.google.com/maps/search/?api=1&query=Sz%C3%A9chenyi%20Thermal%20Bath%2C%20Budapest%2C%20Hungary
65,Vienna,Schönbrunn Palace,"Schönbrunn Palace, Vienna, Austria",Must,3–4小时,上午,室内只选重点，再走 garden axis 到 Gloriette。,黄色宫殿、长轴、Habsburg rooms。,它是理解 Habsburg court life 和多民族帝国规模的最佳地方之一。,届时园林可能偏冬景，但构图仍强。,别一天塞三个宫。,https://www.wien.info/en,https://www.google.com/maps/search/?api=1&query=Sch%C3%B6nbrunn%20Palace%2C%20Vienna%2C%20Austria
67,Regensburg,Stone Bridge & Old Town,"Stone Bridge, Regensburg, Germany",Must,1.5–2小时,傍晚,走过 medieval bridge 回看 cathedral skyline。,Danube、石桥、塔楼。,河流贸易让 Regensburg 保留下异常完整的中世纪城市核心。,晚季氛围为主。,一晚足够。,https://tourismus.regensburg.de/en,https://www.google.com/maps/search/?api=1&query=Stone%20Bridge%2C%20Regensburg%2C%20Germany
68,Würzburg,Würzburg Residence,"Würzburg Residence, Germany",Must,2小时,上午,重点看 staircase 和 Tiepolo ceiling，再看花园。,Baroque interior、grand staircase。,是欧洲 Baroque court architecture 的高峰，也提醒你当时 Germany 是许多小王公领地拼起来的。,葡萄园可能已落叶。,室内回程好点。,https://www.wuerzburg.de/en/visitors/index.html,https://www.google.com/maps/search/?api=1&query=W%C3%BCrzburg%20Residence%2C%20Germany
69,Middle Rhine,Bacharach & Rhine Valley,"Bacharach, Germany",Must,2–3小时,上午,走老镇/城墙，再开一小段 Rhine，不追求里程。,河弯、vineyard terraces、castle silhouettes。,Rhine 这一窄谷把贸易、收费城堡和葡萄酒文化压在同一条河廊里。,若叶未尽，葡萄藤可能铜金色；没叶也有结构美。,12月日照短，早出。,https://www.germany.travel/en/nature-outdoor-activities/upper-middle-rhine-valley.html,https://www.google.com/maps/search/?api=1&query=Bacharach%2C%20Germany
70,Cologne,Cologne Cathedral,"Cologne Cathedral, Germany",Must,1.5–2小时,上午/晚上,先绕外部感受巨大尺度，再进内部看垂直结构。,双尖塔、nave、stained glass。,建造跨越数百年，19世纪完成后又成为现代 German national symbol。,季节无关。,最后一个强建筑收尾。,https://www.koelner-dom.de/en,https://www.google.com/maps/search/?api=1&query=Cologne%20Cathedral%2C%20Germany
10,Lillehammer,Lake Mjøsa View,"Lake Mjøsa, Lillehammer, Norway",Optional,30–60分钟,傍晚,湖边慢走、吃饭、休息；它的目的就是让转场也有景。,长湖、森林坡地。,不是大景点，而是“旅行节奏设计”的一部分。,秋色潜力高。,不要过度安排。,https://en.lillehammer.com/,https://www.google.com/maps/search/?api=1&query=Lake%20Mj%C3%B8sa%2C%20Lillehammer%2C%20Norway
11,Karlstad,Klarälven Waterfront,"Karlstad, Sweden",Optional,1小时,晚上,河边散步，把 Scandinavian lake country 当旅程的一部分。,低 skyline、河、树。,慢下来本身就是这一站的主题。,秋色不错。,轻松晚饭。,https://www.visitvarmland.com/en,https://www.google.com/maps/search/?api=1&query=Karlstad%2C%20Sweden
13,Jönköping,Lake Vättern Waterfront,"Jönköping, Sweden",Optional,1小时,日落,湖边走一段，感受 Vättern 的巨大水平线。,大湖 horizon。,瑞典大湖地理把长途森林驾驶切成一个真正的景观点。,清澈秋光很好。,中转夜。,https://jkpg.com/en/,https://www.google.com/maps/search/?api=1&query=J%C3%B6nk%C3%B6ping%2C%20Sweden
21,Olomouc,Holy Trinity Column & Upper Square,"Horní náměstí, Olomouc, Czechia",Optional+,1.5小时,傍晚,广场、柱、town hall 和教堂街区一起走。,Baroque column、立面。,Olomouc 是重要 Moravian 宗教/政治中心，Baroque 城市感很完整。,街树有机会变色。,一晚很合适。,https://tourism.olomouc.eu/en/,https://www.google.com/maps/search/?api=1&query=Horn%C3%AD%20n%C3%A1m%C4%9Bst%C3%AD%2C%20Olomouc%2C%20Czechia
34,Zaragoza,Basílica del Pilar & Ebro,"Basílica de Nuestra Señora del Pilar, Zaragoza, Spain",Optional+,1.5小时,晚上,先从 Ebro 河岸看完整轮廓，再进 plaza。,圆顶、河面倒影。,它是 Barcelona-Madrid 之间的真正历史城市，不只是高速中转。,季节光线为主。,好中转。,https://www.zaragoza.es/sede/portal/turismo/,https://www.google.com/maps/search/?api=1&query=Bas%C3%ADlica%20de%20Nuestra%20Se%C3%B1ora%20del%20Pilar%2C%20Zaragoza%2C%20Spain
36,Salamanca,Plaza Mayor & University Quarter,"Plaza Mayor, Salamanca, Spain",Must,2小时,日落/夜间,从 Plaza Mayor 走到大学 façade，看砂岩颜色随太阳变金。,金色石材、大学细节。,这是欧洲最老的大学城市之一，城市统一感来自当地石材。,晚秋暖光非常强。,一晚很值。,https://salamanca.es/en/,https://www.google.com/maps/search/?api=1&query=Plaza%20Mayor%2C%20Salamanca%2C%20Spain
66,Linz,Danube Riverside,"Linz, Austria",Optional,1小时,晚上,只做河边恢复，不增加 sightseeing 压力。,Danube、现代河岸。,它存在的意义就是保护你的驾驶体验。,季节次要。,轻松。,https://www.linztourismus.at/en/leisure/,https://www.google.com/maps/search/?api=1&query=Linz%2C%20Austria
